study_hours,attendance_percent,final_score
3.745401188473625,18.513292883861965,41.755766751487485
9.50714306409916,54.190094737835814,76.01679713734879
7.319939418114051,87.29458358764083,83.20334382973319
5.986584841970366,73.22248864095612,79.58674102833008
1.5601864044243652,80.65611478614497,69.57342631587343
1.5599452033620265,65.87833667107174,47.97149230796617
0.5808361216819946,69.22765645178525,68.01852711185877
8.661761457749352,84.91956515653193,87.41167936753129
6.011150117432088,24.966800885918595,61.320967792019566
7.080725777960454,48.942496364314046,65.53353522965779
0.20584494295802447,22.120944181960223,13.21726042369075
9.699098521619943,98.7668007996647,100.0
8.324426408004218,94.40593396866133,98.9879247935396
2.1233911067827616,3.94268113685059,36.86309319700409
1.8182496720710062,70.55751725156884,59.1101610360034
1.8340450985343382,92.52483174156659,70.25302209364833
3.0424224295953772,18.057534512733355,31.961491503336088
5.247564316322379,56.79452305526295,62.73808740840545
4.319450186421157,91.54882975880419,82.68509646954416
2.9122914019804194,3.394597858579884,30.12465073380315
6.118528947223795,69.742026724684,78.33230312796667
1.3949386065204183,29.734900737255078,30.934406601024147
2.9214464853521815,92.43961953765304,74.0819716270399
3.663618432936917,97.10582451653677,73.42980626373387
4.56069984217036,94.42664891134339,60.419475883029364
7.851759613930136,47.42142166574638,87.28085850001617
1.9967378215835974,86.20426509893134,56.50231504803331
5.142344384136116,84.45493985350704,67.80333512245276
5.924145688620425,31.910047324325564,65.2752889240888
0.46450412719997725,82.89154741506773,68.21185422760738
6.075448519014383,3.700763471549262,45.253804927738344
1.7052412368729153,59.6269878482053,55.325859800432966
0.6505159298527952,23.000883728770305,43.790493841347995
9.488855372533333,12.056688577727881,78.50348413608313
9.656320330745594,7.695320162920916,72.6982929246309
8.08397348116461,69.62887758781397,79.55427881016942
3.0461376917337066,33.98749637680661,44.104897473489615
0.9767211400638387,72.47667715287615,56.51132653658195
6.842330265121569,6.535634079894237,48.608621164598475
4.4015249373960135,31.529033783061035,27.851305049556288
1.2203823484477883,53.949129237533725,55.431866206627944
4.951769101112702,79.07231648389636,82.56811976048166
0.34388521115218396,31.875250293206992,17.308791577152448
9.093204020787821,62.58913764370091,75.05225032916218
2.587799816000169,88.5977748236187,73.12207432113826
6.62522284353982,61.58631881823046,95.5517417167454
3.1171107608941098,23.295947475363377,49.66516436293953
5.200680211778108,2.440078155653802,44.25471488151723
5.4671027934327965,87.00988739009298,76.14241297971068
1.8485445552552704,2.126941085038714,51.781024738014544
9.695846277645586,87.47016726841994,88.56479349986296
7.7513282336111455,52.8937134027212,68.8815068887584
9.394989415641891,93.90676985128962,90.92455339613413
8.948273504276488,79.87832357736654,80.22330500772878
5.978999788110851,99.79341105333374,85.08072562839148
9.218742350231167,35.071181545171015,93.64310844917158
0.884925020519195,76.71882889311269,59.78614148117088
1.959828624191452,40.193091360924214,47.373706883780194
0.45227288910538066,47.98756203039088,43.28724747638334
3.2533033076326436,62.75054632183701,46.2064690401151
3.8867728968948203,87.36771141863387,80.58850278464104
2.713490317738959,98.40834691992951,69.59809337680667
8.287375091519294,76.82734138645182,84.39290364610648
3.567533266935893,41.77667821673337,88.7342122112122
2.8093450968738076,42.13570022770702,56.86561953946419
5.426960831582485,73.75823015888915,66.31740187304484
1.4092422497476265,23.877714576830233,38.536707409984146
8.021969807540398,11.047411313139467,76.88655971607098
0.7455064367977082,35.462215764077655,44.753394581791774
9.868869366005173,28.723899165408174,63.70986743046948
7.722447692966574,29.630812045599008,78.97132373129804
1.987156815341724,23.360775104990992,38.27541893747426
0.05522117123602399,4.209318963636188,50.21665813621041
8.154614284548341,1.787393473341381,73.95515583734226
7.068573438476172,98.77223897360315,83.43274648939811
7.2900716804098735,42.77731337358623,84.8036443510665
7.712703466859457,38.432664715968166,73.05916838750231
0.7404465173409036,67.96472826930699,61.87894130137791
3.5846572854427263,21.825388786506416,55.73357395066758
1.1586905952512971,94.99611839502253,54.670031349603214
8.631034258755935,78.6345014415552,81.6789891443157
6.232981268275579,8.94110023122595,67.91386331828171
3.308980248526492,41.75807757849284,52.41559094658841
0.6355835028602363,87.91183075621647,54.879398605885925
3.109823217156622,94.47320222914102,61.23002774387527
3.2518332202674705,46.74015112498697,61.26536887450058
7.29606178338064,61.34113892107077,98.21183800227524
6.3755747135521315,16.70339460920752,49.837988094428056
8.872127425763265,99.11686261369765,95.46576305388993
4.722149251619493,23.16717013834434,69.96095360213556
1.195942459383017,94.27317741351257,62.26930914912869
7.13244787222995,64.96466489923685,82.5429089211882
7.607850486168974,60.773679487885914,68.03957050957288
5.612771975694963,51.26885110165086,72.11481420535159
7.70967179954561,23.06698117177587,65.88733889966971
4.937955963643907,17.652803200550828,64.90496477153951
5.227328293819941,22.048620907017536,69.39775996303253
4.275410183585496,18.643826214425452,78.59042501885575
0.2541912674409519,77.95844735667534,60.200631008902164
1.0789142699330445,35.01252591667301,48.07737802055574
0.3142918568673425,5.784267656339637,34.93629074014462
6.364104112637804,96.91026301408114,80.99783242666868
3.143559810763267,88.37858849634257,72.47265422657276
5.085706911647028,92.77522831952129,75.2213820410542
9.07566473926093,99.49078226464353,97.83450339913291
2.4929222914887497,17.38952492194873,58.36452199861921
4.103829230356297,39.62420189026587,48.237151835708545
7.555511385430487,75.82384757040913,94.36798542413514
2.2879816549162246,69.60206180537922,73.20369583467732
0.7697990982879299,15.389590633985506,36.51538831343659
2.8975145291376805,81.58331249906178,44.84650287618331
1.6122128725400442,22.444057183666068,37.10384877431567
9.29697652342573,22.38176148226231,86.8723800039927
8.08120379564417,53.69744228934136,78.20536724639027
6.334037565104235,59.293993484170315,63.13132598271893
8.714605901877178,58.00862078378112,77.21326063036088
8.036720768991145,9.148683739775487,73.29768846294274
1.8657005888603584,87.74608626303804,69.25396391636664
8.925589984899778,26.560004258870606,71.28104022556334
5.393422419156507,12.951492128280417,51.79089319696328
8.074401551640625,88.87480798689772,85.04246711219359
8.960912999234932,95.56514982297534,85.2890950988473
3.1800347497186388,86.21276172654507,84.7377244115325
1.1005192452767676,80.95160747248781,55.46435453074001
2.279351625419417,65.52419806390218,70.94625112910329
4.271077886262563,55.08573706091393,78.82319318254895
8.18014765922493,8.698675991141014,75.31330241572164
8.607305832563434,40.845321307069874,72.36661659519422
0.06952130531190703,37.2688517012314,45.49604163498314
5.107473025775658,25.97537837603262,57.980549552003254
4.17411003148779,72.3420113688585,59.362024929307424
2.2210781047073027,49.58757350787708,57.00417728840837
1.198653673336828,8.104621590764793,25.435603258978727
3.3761517140362796,22.018320194981133,61.98689679925509
9.429097039125192,68.32587636595959,83.56797809330472
3.2320293202075523,7.613085949030019,47.223639624267605
5.187906217433661,85.12069140487687,79.12071100665912
7.030189588951778,49.51465270139743,70.38610442918556
3.63629602379294,48.0586577326648,64.82971942972395
9.717820827209607,59.24077846595176,81.89448028239872
9.624472949421111,82.46809659251491,100.0
2.5178229582536416,34.780920790219305,37.04577126761287
4.972485058923855,67.80161525590636,71.49422060793145
3.0087830981676964,56.5731963995791,78.39638130312736
2.848404943774676,26.70282701694213,39.4011546341256
0.36886947354532795,87.8629986355158,51.05692777958753
6.095643339798968,79.74260216069281,83.44443250399287
5.026790232288615,65.84518346584255,71.65653378830321
0.5147875124998935,85.05817290942419,61.082902915562414
2.7864646423661146,86.72942009598023,72.05655589973517
9.082658859666537,70.83629767150347,93.92873942573489
2.395618906669724,83.7013328363672,75.7898738971513
1.448948720912231,69.74714616692836,60.81812530301256
4.89452760277563,68.01407717603004,67.56975701772612
9.856504541106007,61.86113782151843,94.71009652290687
2.4205527151150044,75.27166395576413,81.26252939614139
6.721355474058786,15.86051052930737,60.31723759120162
7.616196153287175,88.08707591989284,77.14561434241014
2.3763754399239967,87.1843527745232,76.73161428492267
7.282163486118596,2.9247283034559146,58.80226079597517
3.677831327192532,82.58167505647627,47.75913236557265
6.3230583059357945,12.886986747344519,67.63254601945076
6.335297107608947,33.51188542591419,60.04147219867082
5.357746840747585,74.35082562916078,72.83090222869697
0.902897700544083,16.07598960483082,41.75419098931573
8.35302495589238,81.79670241190622,89.85610734493204
3.2078006497173583,83.21341779577419,74.88974610899209
1.8651851039985423,50.746773376083624,48.32990872312082
0.40775141554763916,0.638587171683358,36.95363979545639
5.908929431882418,28.703813317491278,59.651394946937884
6.775643618422825,61.69269183757422,82.9984868338386
0.16587828927856152,98.11861780274235,66.25277333806748
5.12093058299281,63.18135270166684,60.083741122025344
2.2649577519793795,25.98035810641598,57.71375960159263
6.451727904094499,63.40057030996113,69.46744825822586
1.7436642900499144,53.99853797158555,61.25479653448677
6.90937738102466,77.98453951511436,84.70574451264636
3.867353463005374,10.698063882695841,67.06066978478147
9.367299887367345,76.1027902502028,88.0653768008117
1.3752094414599325,54.12665786761103,48.24566716494107
3.410663510502585,96.29920038589947,72.33821809890286
1.1347352124058907,34.187216603868606,41.76330800244139
9.246936182785628,63.26218931339481,93.96582054458146
8.77339353380981,93.20281055100175,76.89131121617388
2.579416277151556,10.250972799067926,32.85613275686306
6.59984046034179,93.72284872364511,73.83818724266877
8.172222002012159,68.78857223008133,92.82853559680879
5.5520081159946235,6.78370591051719,71.34927796295291
5.296505783560065,30.096356694681624,59.17043795727003
2.418522909004517,70.81720886452815,59.23103706347641
0.9310276780589921,6.73506014687717,36.445150387430935
8.972157579533267,58.217046017627325,94.97252714950316
9.004180571633304,34.588305695295674,67.11968265321617
6.33101457273268,62.091551776747714,76.33521365130288
3.390297910487007,4.5742033812512854,54.68542895414771
3.492095746126609,87.15368061523763,75.12542886847618
7.259556788702394,97.3488969177397,90.1387123961189
8.971102599525771,96.88778552856915,100.0
8.870864242651173,74.96518317429248,60.940688992900064
7.798755458576238,13.008624013063198,71.876362233533
6.420316461542877,75.82631959290225,71.88840489276795
0.8413996499504883,2.458691645880151,15.79687712500143
1.6162871409461377,2.2123551528997254,42.240881104904275
8.985541885270793,32.36102191495412,89.38705956719899
6.0642905965958995,48.864319040466576,67.54197295224665
0.09197051616629648,77.04074178077931,63.00885007092836
1.014715428660321,68.32953766065052,70.6805055927229
6.635017691080558,44.590270637674834,83.06629649146515
0.05061583846218687,27.362666628166586,54.810908636012655
1.6080805141749865,99.71245001577111,73.7673319721502
5.487337893665861,42.6181302235973,65.48912703075857
6.918951976926932,45.13870243296755,55.19776051862631
6.519612595026006,16.362382119166917,58.52654013455461
2.242693094605598,79.48095487499293,54.38259288775836
7.121792213475358,69.36822257814886,100.0
2.3724908749680007,22.07696127887604,44.35419375921145
3.2539969815926773,8.238104561584269,46.71946736269085
7.464914051180242,68.0499302074713,85.78948902736704
6.496328990472147,65.45112142811352,76.05667685404718
8.49223410494178,27.32595269982093,89.11723263402092
6.576128923003433,95.08635622504103,78.60392894218153
5.683086033354716,15.105789178090024,59.2101554392183
0.9367476782809248,43.23348010426019,39.29232888742128
3.6771580305943354,94.36159201675989,59.81688461519825
2.6520236768172545,41.97273169261223,47.08222330599983
2.4398964337908358,63.85259476640856,58.544996194601794
9.730105547524456,39.75943979627943,76.55523188380906
3.930977246667604,27.421520234867003,47.02615525839196
8.920465551771134,98.39776479598282,81.13801700916103
6.311386259972629,40.9334006315043,66.69450950305486
7.948113035416484,89.40992036791344,73.56822451172995
5.026370931051921,22.995460589108617,64.60468153783629
5.769038846263591,21.31047040250833,60.293694035151894
4.925176938188639,3.113408288451136,36.05921524464059
1.952429877980445,65.1666825375885,54.267633502699695
7.224521152615053,36.852634372376116,62.432310866267215
2.807723624408558,86.4358249839637,70.35338709701514
0.2431596643145384,47.32099066915572,58.57344031823631
6.454722959071678,96.81934279147217,66.11296997727092
1.7711067940704894,18.552551570312115,43.800453438849765
9.404585843529143,86.86231679556109,92.07571045711849
9.539285770025874,77.65968527917417,98.1684494283604
9.148643902204485,77.0921844644052,91.85419723051639
3.7015870025544437,84.47832281168877,62.630151536336214
0.15456616528867428,76.10239909429988,50.25844503277848
9.283185625877254,62.62203216314154,77.95909358441659
4.281841483173143,13.124487768238758,61.82478364915018
9.666548190436696,3.2526179491251916,69.85509463320376
9.636199770892528,92.08478478156869,100.0
8.530094554673601,61.665031452073805,82.01327951617034
2.944488920695857,79.65372909761763,58.59000674296409
3.8509772860192526,48.152235151255006,44.712435763325246
8.511366715168569,11.730818896239448,49.533315766986654
3.1692200515627764,12.518579220255043,30.59109454227272
1.6949274668609249,68.55652872289714,60.01793499442768
5.568012624583502,43.030589489946266,70.26847757761723
9.36154774160781,20.052472670033673,57.650025747120004
6.96029796674973,49.15945467414369,81.53941141000317
5.700611700893649,6.420893707513409,49.89810439899422
0.9717649377076854,58.19714019143988,52.8141319281182
6.150072266991698,26.899340443509768,78.79229748357398
9.900538501042632,79.75591006371882,100.0
1.4008401523652403,31.036195892357377,42.228912898109854
5.183296523637368,45.52201490818012,55.47786831285063
8.773730719279554,1.1620539908100636,43.925385061068184
7.407686177542044,7.244688779455888,54.61261815158074
6.97015740995268,39.24935564066848,67.54413394373432
7.024840839871093,47.99388347171235,62.62573312948624
3.5949115121975517,60.00205481193037,61.06769282144627
2.9359184426449336,29.166257870930323,51.262069961446514
8.093611554785136,69.49818861265426,80.97534298485604
8.101133946791808,86.01223971892045,81.70818189460877
8.670723185801037,77.98509888933498,89.76496912967193
9.132405525564714,3.9618825348357145,72.13759335840366
5.113423988609378,48.0506947257829,53.964913597743916
5.015162946871996,10.493017841817487,67.31788093749593
7.9829517896677515,24.204501586252746,68.20727631170422
6.4996393077776515,98.66625932671465,85.78693125857347
7.019668772577034,14.249554290151323,69.4356856099191
7.95792669436101,49.888815345135605,79.13051269361974
8.900053418175663,61.81557343181191,93.67625204137869
3.379951568515358,70.2464970544104,67.46499704240279
3.75582952639944,55.96486834869141,55.6884048638008
0.93981939840869,0.9770847419183659,37.66743826827129
5.78280140996174,32.64613082439919,51.4877828139601
0.35942273796742086,51.771164338471145,48.05463731117626
4.655980181324601,8.786649914483336,50.9276157931988
5.426446347075766,35.06269312091808,60.14342475185309
2.865412521282844,3.3203108791366565,41.172368234483066
5.9083326056901075,7.857849715502074,37.17219488243466
0.3050024993904943,39.69232762015961,37.64045920620025
0.37348188749214417,13.271575404306034,36.403849182671536
8.226005606596583,56.75408482615582,81.52881179420709
3.601906414112629,68.94649691372658,54.81482332130891
1.2706051265188478,80.05866991090829,71.75709988799488
5.222432600548044,20.01502442448101,48.23248924739147
7.699935530986108,16.748258225906977,75.5187915969839
2.1582102749684315,10.456784033440025,46.04181992862258
6.228904758190002,63.64302495436367,67.54625342063107
0.85347464993768,70.64757264869012,72.36127932045287
0.516817211686077,3.1586144825642037,21.07848487394877
5.31354631568148,93.62122462436898,88.53209438613663
5.406351216101065,5.1971283651472415,63.190366554378215
6.374299014982066,54.12963353010704,65.02988402819392
7.260913337226615,70.90605194509165,94.24012193307725
9.758520794625346,87.09691237460856,92.66269174489443
5.163003483011953,71.40869321324278,74.96155818881923
3.2295647294124596,80.17280830697918,69.5733197974558
7.9518619476870365,33.94501925428061,70.64786615232686
2.708322512620742,81.48251137465122,73.38612619447616
4.389714207056361,8.011484638467515,57.897189425287834
0.7845638134226596,89.48166560605276,42.49743520312465
0.2535074341545751,54.75923761537362,60.48520345001191
9.626484146779251,81.72977699624937,76.39994980563507
8.359801205122059,45.23182845183001,87.33421539945381
6.95974206093698,64.35776951965249,88.4133504679195
4.089529444142698,52.640266093611324,51.24053330250221
1.7329432007084578,73.15895217553319,54.77131557594794
1.5643704267108605,8.162998203058958,27.64933448290177
2.502428981645953,6.03520839905638,39.67106814341337
5.4922666470612045,24.710323401014644,56.301820766691804
7.145959227000623,15.954468011318834,71.16678263409153
6.601973767177313,87.17835665922017,95.66448952767139
2.7993389694594284,21.92139873580443,61.730613606478606
9.54865280663194,97.58652558191314,91.84888863531867
7.378969166957685,33.68957917711069,67.53053168351866
5.543540525114007,18.211791568869927,40.8033176489075
6.117207462343522,78.96985071424791,70.10108439868657
4.196000624277899,65.87077755008761,76.19375209311245
2.4773098950115746,49.8195716453139,71.01093930912279
3.559726786512616,55.53635509376312,48.55632495538018
7.578461104643691,71.92017782722638,75.96525517521374
0.14393488629755868,22.845474133129873,37.165324215539925
1.1607264050691624,99.63339160567419,67.33453469017496
0.4600264202175275,97.4793162146783,52.987865346057134
0.40728802318970136,65.03256863469369,55.37953312780781
8.554605840110073,19.954245092914512,65.46630341760547
7.036578593800237,68.02282424312914,78.4086389393569
4.741738290873252,7.219840897917584,56.59574791290528
0.9783416065100148,3.0652502205806065,34.89716419032362
4.916158751168323,25.76828885112137,53.03126275474402
4.734717707805657,46.26229567393163,61.72146149414381
1.7320186991001518,86.82725054083805,62.092620366598666
4.33851649237973,72.7169069766308,65.46902776368688
3.9850473439737346,74.2706521199981,65.63342438522335
6.158500980522165,42.54933344480754,83.38527566057809
6.350936508676438,34.59349925469629,71.39099029052701
0.4530400977204452,37.10387629846027,39.988520100128255
3.746126146264712,98.76495637360578,81.58353554224794
6.258599157142363,4.010919141248248,52.899477473383826
5.031362585800877,86.70314961224486,87.86764160274338
8.564898411883222,57.86754085723934,85.31627782668563
6.58693631618945,43.86154191895905,68.43318640040323
1.629344270814297,72.52576604151365,62.75227615381406
0.7056874740042984,48.666894142470284,31.714056618073286
6.424192782063156,87.34232380816606,70.6317935816044
0.26511310541621813,90.07018640112585,46.14225827801208
5.8577558127346325,42.17209268734554,67.51208200477926
9.402302414249576,27.682779723505156,93.23919356890076
5.75474177875879,59.23503285933622,93.10247843476235
3.881699262065219,91.2363345616691,79.27820843116918
6.432882184423532,21.066218900566657,67.05983915730869
4.582528904915167,62.296658356348274,49.00853578503776
5.45616789315935,63.156022009252055,65.3447401780728
9.41464808776525,73.3113022415281,81.77414550443704
3.8610263780077423,13.15676851272598,43.1826600833376
9.611905638239142,71.58249646820886,88.24093330757132
9.053506419560637,90.9032520665641,88.7640955212405
1.9579113478929644,17.968310887024195,23.429140553921236
0.6936130087516545,23.754332492387764,47.37985434389829
1.0077800137742665,97.13950940416396,52.44554261894818
0.18221825651549728,18.097695270948975,38.550650248458176
0.944429607559284,85.4385093369579,80.15009792882424
6.830067734163569,49.227785644803475,62.89476071423108
0.7118864846022899,24.723107440317705,14.961602943041175
3.189756302937613,87.07499012725114,66.02148003112468
8.448753109694545,44.53052550026655,88.16376643884385
0.23271935735825866,51.48173539296902,65.95887258952968
8.144684825889358,35.92333693997657,61.060244441026235
2.8185477477339993,59.29508514349274,64.02970876634903
1.1816482762165625,16.352387258502276,34.9792047146164
6.967371653641506,39.10815366517607,68.5424491710775
6.28942846779884,96.94123223352875,100.0
8.77472013527053,25.813343270112753,57.813180238164406
7.350710438038858,65.67366645412922,81.64233830333993
8.034809303848485,32.51900642246949,76.57187085978913
2.820345725713065,77.34731256866006,75.34343992284374
1.7743954377972282,13.087366071834982,42.00362310744836
7.506147516408584,96.98210450785447,92.1997268130317
8.06834739267264,45.37895413836392,71.97059013798183
9.905051420006734,23.605046334646396,79.39298899287192
4.126176769114265,7.349674733001265,45.277686741383334
3.720180857927832,16.975790508754073,56.189179482898055
7.764129607419968,51.977394855601766,72.95363352592406
3.4080354025301784,33.70031764312863,57.51324084208117
9.307573256035647,82.88833658826094,91.80416586377109
8.584127518430119,43.08875236618059,88.52363829129634
4.289940273750183,24.871427258762992,54.10725203674477
7.508710677914974,61.714498660403,60.81886762771198
7.545428740846823,70.67772168854458,94.00424647709058
1.031238688359326,16.704190790094987,30.07888898183961
9.025529066795666,16.761921628831765,64.593029369344
5.052523724478571,3.667142693354297,45.35362476548565
8.264574661077416,73.64020150656405,98.89474002798704
3.2004960103061175,66.38045276218051,41.359377730091666
8.955232284962005,47.46308757498139,100.0
3.892016787341631,84.41704489691972,81.45374870910297
0.1083765148029836,80.56701529500532,56.83599978900513
9.053819764192637,58.535436439675216,83.22696998251025
0.9128667678613356,86.82712805132586,62.55514623541967
3.1931363759041487,20.584121003676824,54.159006088513024
9.50061967050805,11.191961939772789,77.8122231234646
9.506071469375561,26.974961151698963,81.67281888304642
5.734378881232861,5.708685608931486,55.54592802016338
6.318372121697992,53.1169528001032,69.23519012374966
4.4844552197831975,93.66056922949615,74.52325881144651
2.9321077169806453,3.9343540668509647,40.95965428445106
3.2866454536991596,12.21099140100268,58.14758020376809
6.725184560770384,45.21990282834353,76.40227631439322
7.5237452943768,93.38750175279048,58.707345356701545
7.915790437258485,31.61561049767505,77.70685266363407
7.896181427945539,50.723480868839246,78.74913191962168
0.9120610304869037,4.15728590503921,34.7083423290004
4.944203047025814,14.834320096208886,50.34192368607707
0.5755876001664428,98.66301229588468,73.14238128929131
5.495288823237355,96.51186964360456,90.40998080725936
4.41530501373377,0.49399809344096157,40.080642804731276
8.877041827582998,95.18117854232389,98.13304374427452
3.5091501255207866,63.91199378155004,53.4936312911353
1.1706701642760586,86.79182945200222,46.9240478448156
1.4299168205283586,45.47398556338591,43.09469070522955
7.615106317174723,51.55960285792502,84.55224084990398
6.182180633162611,48.88465802569202,78.92537039411891
1.0112267612279024,66.68642575461044,59.181688972267665
0.8410680611499743,13.96512547563129,44.804767755769255
7.009691314591199,2.9973589872677953,64.09975582569471
0.7276300636419353,30.79299415911909,35.73360255007395
8.218600592903563,70.46807627366466,88.33405070045306
7.062422271564962,20.185345212294838,72.30938790222513
0.8134878064189976,67.34324333249174,60.99983752355925
0.8483771408519192,96.99120461072704,74.38000366137221
9.866395785011754,9.39007157894184,79.3656430857402
3.742707957561203,67.26021182251263,68.66337745241442
3.706421470668909,44.375021930457116,68.83969484497705
8.127995672575025,86.81422543775054,88.29103772913466
9.472485773838587,17.71497894473859,64.38569026649874
9.860010638228708,69.26259522261645,88.58815148026213
7.533781852589416,83.81152896481102,77.82955965173647
3.762595855309158,94.46142194740233,66.63702725571352
0.8350071669866876,68.32480282896458,52.392282809480946
7.771469159274368,49.71747640084273,68.07692034735066
5.58404249735805,61.78472402012139,67.79197189907822
4.242220092469763,86.89049844787182,54.09988323470274
9.06354385094736,57.060974663882966,85.50540487668371
1.1119748230615134,3.038705969683686,35.3715658367734
4.926251042908591,93.09486955069778,69.4625787261618
0.11353644767419069,68.95267510315611,57.73240500596765
4.6866064199412625,67.65133857772466,78.41752862934803
0.5630327568183735,21.567515239771716,22.646786955515267
1.1881791626807192,65.88854702326572,46.892032972040454
1.1752624677710488,39.386440565415846,38.825558542835964
6.492103021160636,65.12329770414921,66.10637038479865
7.460448792654233,10.659303030799073,71.33433449917413
5.833687650971596,65.7845304603036,71.13184835424943
9.621725484745419,99.94137257706666,95.82416529899555
3.748705795237041,4.821203886055603,26.402560702697308
2.8571208628186073,97.71741842213173,77.09788928000621
8.685991281894603,40.690796072287064,64.5586200007298
2.235958385194526,87.07534503372591,65.66576335355916
9.632225394406113,78.23854840582734,94.77423547895458
0.12154474689816341,56.70162609866678,61.1032527755792
9.69878826707639,73.84492092513266,77.86042535465424
0.43159911950576113,87.8515561301348,27.88674175885523
8.911431136980712,40.4140321651033,79.60842964499079
5.277011090862999,32.70331615632387,78.92415102545769
9.929647961193004,66.75933855635847,100.0
0.7379656473539886,80.78459419412586,59.28383500039997
5.538542844013207,76.22851347766158,70.10636356303083
9.69302535619099,79.78136488586345,100.0
5.230978441701488,43.5583314812933,54.255951214149256
6.293986381352625,81.78342161750216,84.47454970422334
6.957486889846171,12.020905537060845,66.49092081216921
4.545410647677732,54.448909796084955,75.11841460452521
6.275580800840634,0.575866049812157,82.87168340741695
5.843143119231002,32.45858299002703,67.0343070457198
9.01158010490989,36.646153487139784,71.95053020870651
0.4544638034145787,39.61726916092554,43.44729284001603
2.809631895922303,69.54672066898621,44.411784735493896
9.504114840765588,38.85581012703457,72.72607109028215
8.902637838909163,44.86936226225306,74.97853565318152
4.55656752785713,23.754413087432745,50.11171005831242
6.201325978015367,37.325179162934006,67.52640638127889
2.7738118298113266,22.726962726315147,39.689136813317845
1.881211597237613,7.319592376844364,50.93103077524847
4.636984049399821,60.34485933813779,66.6534646482226
3.533522280260528,66.82127985550163,64.08746986630634
5.836561118508721,61.94903460096145,68.65200768919414
0.7773463696498484,46.34940438005724,48.566113631206356
9.743948076661665,37.978578017922985,88.6203483586999
9.86210744479603,86.33336495718252,86.67713710922988
6.981617140197452,51.908178513621806,66.91775722412379
5.360963663441204,47.9181877629731,62.7820506948901
3.0952761628632777,2.5642065806435688,29.691657390914035
8.137950197069486,34.12478276261564,64.59665701984765
6.847311725538793,38.019561878585705,64.0329067302843
1.626169393448913,39.88227808969005,57.21325280782993
9.109271844938425,58.017236922733225,86.46787174659292
8.22537242923169,53.360254672687844,80.84546523240856
9.49799913291924,60.79050927934446,94.73812893716001
7.2571950838836,76.48832615421283,80.60156029780428
6.134151959357899,81.29857387160935,82.83082849820329
4.182430362906189,71.81230762264944,67.24119620909462
9.327284833540133,95.55236959549347,98.62847370680487
8.660638895004084,1.823258267636163,59.361946484191364
0.45218670106189407,19.57779856835461,13.293914791989668
0.26366974497252005,0.756287497814212,29.9387736073713
3.7646336687804958,64.7474714154603,78.71025746075946
8.105533307818328,89.8030548949987,98.62520372218884
9.872761293149445,24.34822965762993,86.44948891579847
1.5041689110352818,92.70345447963066,76.18901920609251
5.941307153521351,6.026739028956085,56.459826232386604
3.8089085663102153,93.44360268055144,75.24187214346225
9.699143978146033,35.16226872396344,73.16873757542967
8.421189231357086,10.142082844921651,63.56665321863434
8.383287047111379,48.58717591863256,84.2670124617467
4.686931597949703,25.677656772050796,68.48986779510221
4.148195023376652,28.487290196192284,53.7445043955543
2.7340707193070624,30.728996492628657,45.65308917650273
0.5637549665092711,80.30258978326634,56.35107638958296
8.647223762550531,53.91612766752545,86.7758008397509
8.129010091300776,31.130769915600364,57.4167231785478
9.997176732861305,61.03337833109184,65.3369108994004
9.966368370739055,71.61506742231936,85.8446252147362
5.5543170560262745,27.262400073353376,48.18886398696952
7.689874151805105,41.354910152535155,68.08456767650785
9.44765729882428,12.188609333694755,69.96940880723083
8.496473906774115,18.11493495346803,64.88789202290673
2.4734810174319763,68.11178539649828,74.85213503338484
4.505441353100935,18.143834769562694,56.73236348929575
1.2915941515149498,52.516338366706016,53.92602171217989
9.540510272587223,70.90462617224327,95.6555003824559
6.0617463445088005,10.687692309474384,46.06496189306982
2.2864280550346274,56.73122196289035,66.5561966832083
6.7170068440585675,25.656278370136377,63.807268021920585
6.181282404578958,96.29268752375798,90.31774204785535
3.5816271803284048,48.35456467199247,48.11430579250981
1.1355759219962902,80.59925497751581,43.184492521079264
6.715731955927996,55.022654215626176,81.54862066865013
5.2030770090379335,4.341253285481916,55.878779282771475
7.723183917356393,63.31513755940223,70.86676139367114
5.201635011119934,95.14033422066571,70.6520094979325
8.5218150031854,60.16118201463312,93.38996246127923
5.519068387744856,81.91888594267903,64.75782040510985
5.609379715353863,88.42064633484078,95.39044229442732
8.76653602658345,22.807977194893247,62.90232991832309
4.034828662123971,21.204483990822666,58.88457910182651
1.3401522845064073,61.09809888509917,50.40385404606553
0.28782676313338973,41.10284698067047,49.51403545755814
7.55137255673619,83.98613028667204,79.96018929180445
6.203095513534647,90.00231233980112,80.18514669535598
7.0407976809922355,35.34213793027181,69.1750238570077
2.129641615089107,23.687055897448207,35.60280867177616
1.3637147558676976,78.05255152438619,66.2788679349879
0.14544665667881929,27.48060355481361,33.69383202844351
3.5058755880659698,82.26143185136785,66.41593275427405
5.899176868546331,42.37382536487628,56.36536133756309
3.922440450997323,66.75498992914704,40.0929221947803
4.374749220237291,9.553531383466819,48.45477866998752
9.041586944937483,62.3859324676573,100.0
3.4825546702330037,45.17676787372291,65.32929192202911
5.139894891598108,58.66084631754741,67.9652296643127
7.8365301274114305,16.801420774486342,63.757638449908946
3.9654278232127016,73.68737449441821,68.19258256929673
6.220867002278735,86.27970775432286,86.2385714871639
8.623637087467452,21.673980009077564,59.188614199504634
9.495206236576422,9.571455552016172,81.99547855859927
1.4707348092903794,2.3638586046336396,43.74590997296405
9.265876251614944,64.1971500443266,93.5045072768371
4.921162930795382,60.70940360887808,72.28223019394221
2.5824438829895833,54.669741271407005,56.926864490320334
4.591357562382613,23.194709611597542,62.05245549267791
9.800325752854771,39.09059959055147,86.84662422599831
4.926180939928696,59.4476335186173,63.998606705889735
3.287516102875082,49.67668588591694,52.3170524483064
6.334008543167258,98.77855202148874,85.98816273173551
2.401456187781931,13.643975255673313,59.189218842781585
0.7586332810866392,69.51445540475937,41.49779898923536
1.2887972191064923,40.431876810429216,32.60949926203033
1.2804583895777244,42.819961492561475,49.615430418444504
1.5190269351229435,71.75977656581762,58.11291772879724
1.3882717264941014,69.24361513243696,58.05958808941158
6.4087474480321465,99.12559937021884,87.81220158227924
1.8188008439914483,12.839428945412523,38.8950095132415
3.456672833238632,10.410964938416633,61.84861520050034
8.967884099060118,72.43388171287411,71.59266112533756
4.739616402628723,57.83869170064091,58.0251028729047
6.675577385210271,27.416066655980586,63.89458193614479
1.7231987120162984,7.9419368988986605,22.84348780619312
1.9228901880867078,8.565824959643054,38.502764195919035
0.40868616266478863,89.41908746641182,75.07517254786288
1.6893506307216455,19.18673247187429,42.72228714740849
2.7859033903195862,32.33715621155208,53.1517694819308
1.7701048427674682,22.6656402226988,31.27846378615371
0.8870253375705561,35.49963058319373,38.03437644484556
1.206358711006008,6.942384274609337,33.15618632316746
4.607787680327258,51.90597909082704,60.825793480994804
2.063337184057925,6.76125635922149,53.09816359403584
3.6426986104807546,80.03565078223616,74.15840028384511
5.034172708548569,23.3712081910433,46.03347372213695
6.903948286293653,54.00119146045106,76.28119836762998
0.39312139841098936,88.00790875614582,62.95707570545556
7.994103989090426,65.08773690471942,92.9042274129902
6.279003894909078,53.29577865513353,86.9101560418601
0.8175903194887191,32.43337531153756,32.849431953137454
8.735786241067773,33.300191305819794,66.82462724391365
9.208724005318132,66.94869551981901,74.34372608807206
0.6107795985486375,99.41393612211675,59.92710063975976
2.7687764814720373,66.18391898493786,65.59386536583285
8.062012797930613,55.77834173700249,88.85489887871421
7.482596903836583,73.06505102392461,81.09039268609848
1.8452101935637732,46.52056122837182,48.1385339102182
2.093493233367103,6.0142342600785215,41.695823133979374
3.70472102791382,56.22968158779098,53.33635957169234
4.845229851910213,95.76252845053801,99.00506515974999
6.1825477153029595,17.530294235765965,43.912668860761045
3.689136395697724,69.00048908206658,67.30409809636811
4.625347161331479,20.093368865905646,74.765461497394
7.474709381337565,53.582768447308126,76.04166650514267
0.366832028905979,9.667644964671961,32.46723125501056
2.5243694434402073,45.037093625818514,50.03415163340211
7.133495858845524,75.61633288952461,79.4149664846154
8.952068376871994,34.757152423898205,89.96390398142273
5.116774421156661,66.4911724487218,48.295830305948115
5.321134852653157,79.54499607897291,90.48237524726775
1.0717201133977605,92.71778194794527,47.862643513473174
4.474123668234546,23.464208185545353,52.26923383625764
5.326172664550231,39.931591580930814,58.991723929493546
2.4247050363472966,15.241601333041743,50.156833243008904
2.6924323094938094,99.24835021583752,54.56299078388902
3.7728416310462265,92.70009679242953,77.52312222273319
0.20071197777726368,53.99571302805596,67.24465805239437
3.220791655831783,84.20332943764213,54.51242540869166
2.1144800699654462,52.09579772720422,55.98372127412701
3.2749735217791462,62.35856880027597,55.18764294923328
1.1976213181925122,8.912443211601662,41.7230902981809
8.90527280739895,75.52704204968079,88.47068161865755
5.935924535540487,12.771348363523483,51.16023356077589
6.791023191444896,82.60676302525283,86.82484452206617
7.891712386073383,78.20280876703859,100.0
4.984421989290572,70.87446977429764,69.29099097217859
0.8692028808742369,3.6160380524762115,41.75920236072163
5.371065418185478,30.31283559453286,47.645382772390136
5.868411180208791,26.311256991084285,51.802658049980366
7.4543947418433,36.01364074715191,75.34573397032256
4.316595462296794,8.764274676383854,64.73682453746198
1.2758030279556376,93.69578230310628,66.76808029061104
2.8377590579872445,55.38022407123763,54.83452314808872
3.630822963986351,30.552431065802356,53.681935229919645
6.459172413316012,39.698151707428345,55.24205782579538
5.707783046689119,44.72025405048357,72.29236166545522
3.5609672589784624,60.05943333606173,71.08502965996647
9.865152487929796,51.567942769649775,80.41008945428331
6.057748193568871,91.93919732144174,77.11233049311299
2.372267917359945,49.696348290583025,57.056758453135174
1.0178247262040374,99.21580148233127,59.46884198910958
1.5285913918433203,85.14249577450957,60.99578815346793
2.459577283845081,20.85105143573358,67.09084245776555
1.6068137325955567,93.05952146439162,61.874854362239745
1.8656702405130576,11.636639788547608,37.37027137840429
2.850951686938471,81.74497084911916,59.451879946138035
1.7337359529475482,38.06232934765801,55.795562331086956
8.967654246264251,87.79743204450695,90.39760486622805
0.8023374566164221,86.80566901074504,52.75732014647494
5.245113895702547,80.59254001176211,88.37125790906894
4.103968269896615,79.00304363070614,84.31281621393467
9.823786169086064,30.46791390980408,72.43128319189843
1.1203890216805235,8.091928305125219,18.243735064653496
3.9785559904574166,40.29801787651615,68.07876622315374
9.69470433275369,17.35245149865087,67.13825452300998
8.655071258939802,69.49510889024617,93.37507369446075
8.1707207094928,34.609972653778556,53.36483645698641
2.579028270449398,97.56102008599149,78.51039249058813
1.7088758739006582,64.0972077345332,43.95294652315478
6.68643219924431,82.24805636343609,88.72778689667331
9.293759891275858,13.252467274184843,71.29351042572323
5.567628930139298,86.20144822726226,68.59155599476942
5.7161268946989985,92.27571905133944,76.47686016493002
2.7997909366028417,48.70619188189359,62.67420588054645
7.694929331919369,60.625293775097745,80.02624999135915
1.8704374855752337,76.48098009029954,66.27017377411565
3.2367923640424365,17.483862726041256,67.95673411913698
4.254364386164168,50.25660764634424,46.45202372144943
5.07610378684455,39.86630277723131,78.43643173023383
2.4240973241508024,14.63739921622491,45.13116843670281
1.1483682473920354,36.753442229153144,36.6316651750828
6.1062004244163255,6.817230938549357,43.16683472184021
2.8863055324025577,2.5811906949486985,40.42837543032451
5.812382214226123,13.516628915482276,66.52101865079376
1.5436271527420231,96.31151115891738,63.79247075486796
4.811401018548175,54.952953589501696,80.84303945351668
5.325894325515859,96.582216115322,65.76648523614445
0.5182353682242691,43.2497878330132,44.926988344340494
3.366042781939206,31.181613308525957,40.29472067618342
1.3441467693897424,50.61418628402441,54.19716178901597
0.6337497047276774,43.95116886329101,54.58922337887101
9.899602323899453,10.566468426174392,68.5607318866396
3.2235384497472297,64.08263146902063,36.076804673423766
8.09874445854635,21.60381825095996,70.86560477743834
2.5464065476376385,61.95879548978296,63.14065035482054
6.8150272222392925,65.02010923981534,80.80908921051875
7.6022785988968655,15.20248531286481,77.32768190766845
5.956387406078443,6.134962711066816,44.95550164114333
4.715761885501584,78.07615860684398,79.08805617856402
4.118409141472686,45.98004237693202,72.1927244037501
3.4886826654299528,5.816379550547579,27.913768686818916
9.29529144247826,99.48663171697672,100.0
8.306194077877292,5.778056099636664,59.91639483132345
9.650269106665126,69.50352288585532,88.63690656140065
1.2429722348554473,98.36789252634136,67.95902153270757
7.308674752036443,23.918010421592562,61.53781649348802
9.383404568210379,14.224936868719617,65.04401854184128
1.8123306616566015,12.138493942242889,41.232395004179516
0.664962673667775,30.327514756759555,30.885645733070945
7.4112064929005905,10.10458110106467,51.81794901306991
5.744731131799119,69.2161341694132,80.53749760758546
8.41828776758272,6.229179813006269,54.0539646626462
1.397723766262895,50.94221281497897,57.536683918637394
7.952673118598902,99.66968538529768,96.33751101852442
2.0162732004774453,81.39702695060188,45.22613359918438
1.636559428657045,61.52194382310109,48.22717433820196
1.6426579793099294,30.625362078661166,57.69933457131179
8.14574720231382,62.389583629163845,71.48820858660761
6.651972206962001,52.70414639116516,67.77509012210368
5.230654247691193,42.60833838903715,68.32572743999488
3.5883048412350247,13.071037674019948,56.10843575997204
8.772005408131083,88.66042152404667,89.17075922929337
3.924451074226354,44.97846488213225,53.216241814628674
8.16599439471577,19.462251182076507,82.72635155047111
4.391349085702184,36.77593508772896,75.98717350710321
3.769444294249076,41.4129752528927,67.29025026068206
4.626797856696064,82.75378955668742,74.18650971944072
3.0137787416414206,73.3614380561402,55.98088916699848
7.476093801762511,76.93048936413398,74.67907795072458
5.027203900924792,1.1031264428647214,55.66489458921616
2.322126951468173,41.615399817976154,55.95710996015238
8.995745732745684,48.13441516353236,94.43929340950673
3.8389122137321143,1.9192276823056686,52.43591808498155
5.435528611139886,25.98132087450342,44.50570768931239
9.06472110964547,76.0289823122135,99.58705530947512
6.242379959139921,13.710970572899905,49.102204735285525
1.1689804070836407,53.531013145259166,46.8955128523888
9.398321236134752,21.52018720172375,76.55134316757307
6.277080530714178,1.2120774643893273,75.42862026001315
3.3490561465708613,24.12014575995415,81.7314538743233
1.3927207266338726,97.58737549100537,70.91432614519893
7.9402518927029595,80.15371118829896,83.97515474009765
6.200727559285135,95.95766443210334,88.93526605157705
5.334610919763215,48.785404392636245,74.8506192555821
8.938925830509577,10.973619867750351,65.84111302679149
7.885972112245307,54.79594889736929,95.93478667731523
1.5167487973275118,45.43773345599609,51.999022818022894
3.1172206779554825,84.4357082739616,72.77702608492436
2.4848913981446574,9.808258078424458,49.541285536650584
7.43946292572677,48.82411370217782,78.62095191970499
0.3353243473577938,15.004866469398426,44.23216233494683
5.698896848713165,32.467592689006,56.36333333608522
7.624586857406905,73.73570773877996,77.0360422118013
8.767656367617494,47.601812936876655,68.34962702181602
3.4208174871590744,37.58882851457693,59.35493080921164
8.212573046720129,39.44762785700353,82.47394557910272
1.1063173695520723,45.94467684059866,52.78640119190674
8.464522917345182,78.50165438370568,100.0
1.2748866233198242,89.20846889402344,61.80612697319586
3.9728729056036727,95.53346865039283,81.23894877345766
7.972953657795536,78.6903386255295,74.58190745744784
1.4991742734877378,31.540689574801274,41.58790694164732
2.2925139523264146,68.81347060865421,66.7694745675597
7.222525683930662,43.760312405539196,80.50921756481586
7.200365365460744,25.467062204605117,63.50191064658269
6.411476328852973,84.08715794259226,80.15606017960889
6.939484444671001,3.8426348962324997,43.73199078074566
5.427244433475962,90.17619921354235,75.19154548990046
2.5179905890695276,46.147746462473414,62.820117930218
3.4569599350391944,63.72014768082804,68.69593420547085
1.8159771680142567,65.93539222057827,62.0511835520426
9.084505613336283,89.51177407065364,93.68929154635083
5.833917947661204,63.66696821672073,72.5063938419428
4.008514167636399,61.39335847600618,57.84885281861298
4.620058036441327,6.665204056068996,57.46807756461135
9.472833396118153,51.84080219452041,87.65330368672264
1.533514031160802,15.016900081704165,45.55931462908245
5.862298320167972,73.74337687214856,70.31185791564064
5.05888678884466,51.22219208126745,44.06877558104644
6.1145423543464785,68.02277792083532,85.83652991117347
0.18110183820840509,4.167290060238427,27.186219810821108
8.721239089441514,8.479201604580322,58.800959198708945
9.321182824836123,71.63233880626822,95.7092220603649
5.65133183589209,7.208433599867337,50.847731024337264
6.966508238768922,7.12567277652586,70.60309862849967
9.224993811772958,1.210847523488745,73.43328899990543
7.072386343133986,95.65013982994802,93.82028055352512
1.5253904291426135,73.75083594590069,44.56725538833532
5.762883601668132,35.32514085020642,75.76851651559846
6.067150463828559,29.65355812876552,65.77717460628246
4.24130671302386,34.97032297458495,53.7635523520089
7.3644423562472285,77.46535311811819,84.13126003384689
9.343670147690148,66.13706110704143,69.45344659388982
9.255685129067764,18.519556786746794,76.66513566710181
4.508393714041321,17.410933533408436,42.9631398343671
1.1323804584075525,9.839564971339732,23.954688466596785
9.848411989623346,66.03027197013381,73.97913768735462
8.388980864459342,76.43726622217359,97.61398707438869
1.2466268120326685,26.5046428325004,36.64526616095291
9.208418826173723,2.094496103091281,82.79930123478727
8.698963620621283,8.217166747642734,61.90298987625498
5.188380571260721,96.78600348450304,62.71574375446433
5.912754357449293,29.544477747742025,51.34911635463318
3.9900270387013026,76.92231478381336,81.39491879001861
0.5476163882203133,62.46635688542638,49.37139083914249
3.3519724164590095,38.19396396528959,49.383205890516905
8.028534485980114,20.56872621955551,69.88493806831498
0.04632023004602859,12.138641815940643,38.844700826641755
3.334991716911442,61.50129680388666,72.96434406783636
3.9816869359094333,77.4633780637788,83.65075346170063
5.373956029379229,64.39042535411306,67.21526526585997
9.198556164127606,53.030213324915835,69.44281179316478
3.4634599436596125,4.195122343163627,40.97772486635478
3.469532018962277,96.84887775943838,75.53559646950949
7.3750124810974835,79.87141916545745,73.82388641192107
4.522179408898071,29.282203670096475,47.301869587670794
2.2460482293998196,97.99703293588506,71.82118161386364
4.524395161326934,60.18815896363221,65.66750481869289
1.4085702037979986,58.24226582072465,53.43493051552525
1.763869865062233,74.8073179429532,51.912721496134196
4.983677727394797,81.17697880901376,71.98379741022565
4.189254495045479,65.64786073315027,57.20904475744396
9.148459010681,12.809574636620003,79.33869254495787
3.623938991166331,33.82675059944984,64.99627449173781
5.805883502780435,92.80836403260497,62.60416459852229
6.322642879195303,22.461561184385193,52.733931270172675
0.13094456588333636,37.21670238375133,26.723496427757954
6.635373720167106,43.2076882944196,63.003562024925316
1.7803596686975143,43.940498969445215,49.46920866772001
9.610703174694551,61.29395824945255,72.33454797662867
1.4866272775311296,94.30758377447076,55.02018611121262
4.146241237270237,24.069271183250496,43.766172583241115
0.8534966807864386,12.150137630091805,39.13170130616273
9.968742518459473,19.747048985993732,76.49252813999851
5.021950103312426,88.69249002092695,69.47817188615525
5.953850173200438,64.5810812655206,74.95793379385191
0.6707647738842748,28.590678923916013,35.79346192683925
7.499604703991778,81.59469389686173,81.7602758817651
2.0990559309558576,86.1369996363436,80.97184451771189
8.980542894407137,84.6514338690278,100.0
2.0513964048200717,91.89265336395545,52.77756925919094
1.9068772066366657,25.224102017336158,53.49206361053926
0.3654966784809488,75.50419287462783,62.22721012122807
4.720669451099992,46.053949727414,51.21622983509799
5.648411332626164,84.19985528900615,86.04137835475511
0.6570863942835237,72.84906771616131,69.86238507610801
7.755276166950106,77.64474464997247,73.08908000034802
4.532888347480276,65.61618376810715,58.641380310210614
5.243902693275801,17.742876946970686,66.47508852562943
4.407627469382281,54.502691889693835,66.69627055269376
4.00763060875326,98.46697395245081,81.08537737314353
5.596403313082179,93.73880664971189,83.91314741124725
1.552402459307125,4.317373579701167,41.41178112042029
1.8192813049527112,16.481481572943714,28.956848408583127
8.617856210135173,13.172877345456191,78.89646511039203
9.461154621336327,72.59799099852955,100.0
3.7330931627975295,81.77853298569451,67.1720251062182
2.707446731435538,21.35113663106719,46.800358416923686
6.439995432390157,50.5852692951829,55.62448749255827
4.087341710980964,84.07030280112,76.7130052444382
0.2538635566034486,73.28015447662506,58.720074986542755
1.5615259736619036,54.223720549184826,51.89130988940995
7.159722288473976,59.03476904587729,87.59285346636412
6.589239419101514,50.83605469162799,68.26700177409505
0.2709599250348349,29.754845131882057,45.65635249863996
2.219721619329494,56.50219928590161,45.63290287616731
2.310747965880714,68.88853020500906,59.67402941628319
6.718927435987284,87.33229158608077,81.33185464074501
0.19710537754364155,63.629135397924806,52.130241349961416
1.0410858198457384,76.1121537043158,53.30272010234411
7.999160853731894,16.0071634954573,65.48406650684808
1.7854466205433361,46.15574744197899,59.2489824291821
6.527461078518747,0.9331619827093296,52.022150536505606
2.381827810467265,24.667886452162303,30.861906170130958
0.9944139275934516,72.64617151130048,73.26734620581816
2.4317219099945406,99.18099513493634,83.29572696736392
7.2226693185565916,9.917809958721591,48.94339331078666
8.556964681062858,40.14943158612883,83.16976625254202
8.302198645669916,80.00709686991596,82.18117593814102
3.9718352961845484,20.403563462889885,54.64328237691576
6.680851365706461,55.50849493022862,76.31819523202937
2.0498429541582097,73.30712960296748,57.84743269435986
2.9314773026101326,61.5985450260179,52.367816062381934
8.963358185211197,18.802473461541613,64.58876425614469
0.13001923510736035,35.538456868573945,32.019694846189196
0.8550853085446808,78.37917844853972,48.61587268643619
2.078862551460273,55.42265141320166,54.270462729308036
0.26532203873819715,0.5229613542912737,24.060576670132654
1.8143543508979731,76.09907600280938,66.9076608615609
5.830415609696922,3.531135494023907,69.25346464035414
4.214245505924979,74.57337827312321,63.42846309193645
8.926717110769749,20.24805601652374,74.17533025338989
8.17443561738441,95.80734801193802,96.43679797614838
3.4181735169787597,36.79407513020845,59.430939316170324
2.594234334312925,32.69316163380791,50.944438506554945
3.7969240816726693,14.888805033244468,57.08116202026123
5.902949425148077,30.560421549021488,67.60241369210533
2.6806364082287626,87.66507618282006,54.64544426448809
6.24148907849134,99.63343376272474,93.54754708667551
4.0941165219124045,36.83095305068483,66.29866037552249
5.520471808519803,44.861063095454256,57.90734512092967
4.361265291353167,72.2070938202737,69.4865676659708
2.9446575954191765,88.61957804650746,75.19779372373964
9.484533069621566,59.304433418678414,83.63632410829618
7.636057941597608,39.15256981778293,83.01978318938544
1.4011317576645255,41.262184084862376,71.62190720231042
8.684679758979128,69.56181464968068,77.74740310447089
4.874311982495136,0.32182636042786816,35.78334980657116
8.945522268940914,61.95893374598407,87.40795515560762
7.998552559473152,35.54930104413574,79.87462560239476
4.252135044692334,79.41973312770843,68.52579637863417
0.22469308320117398,9.299063982313216,48.221098160709005
2.686773593849461,58.82022669483905,45.00710438661707
5.416342146608669,48.09728898861238,73.0237415133345
6.334782198261473,64.23255259052274,68.55028636261378
2.578876854332023,6.485359448296835,59.454894313890115
1.3935607407282413,57.99837874281313,72.89891011743808
8.34930236799299,56.14845879595237,72.5751812329242
9.84402180703552,56.06600944161709,80.7003187015414
5.256901823026858,60.34876665964548,77.7281161597991
1.716792858483035,67.64679372263622,53.28990305282785
2.7230732651936895,80.49889996807697,64.58785087187546
0.18390676547466733,26.982072012821433,39.0841328711692
9.14298806560499,82.5049410180062,72.12670300584526
1.1775108289014113,49.82556822634536,49.51933632256688
5.765164755142536,7.705827913433117,48.475129653958334
2.74055220687206,5.85509292439792,37.7875084808099
5.541780025157934,33.42383186960608,76.6305896962017
6.514203883518642,78.48969771114676,67.03865590462604
8.297418037072017,70.76809347409157,92.55215205799531
2.064212717606032,78.86149646724064,59.12567050727823
0.10995828658480478,51.72690564416094,43.160303154629155
1.3688563006880727,44.01989979554906,56.58511410193412
9.00018641848105,14.745252670628394,73.82483442080162
8.738900775625153,32.81927536093116,80.50751568297525
5.974131021703083,43.40193661738753,76.5989516773572
6.005168604336534,8.860042967961723,53.36560347590142
6.650366745462555,22.061195271121125,57.097458218109054
1.753712786234496,59.82252940637388,44.110104701272164
9.144119459249598,73.56631142391899,80.39226596438453
4.187705248920731,99.83475113929497,100.0
3.8313852824949746,93.31133313435576,85.76573687765449
5.189177052828375,64.25651995351916,56.52292053528903
0.46965966775055046,42.1248053294072,31.29150070238866
1.662833687560794,63.617736470823274,60.555316308675074
7.380336164263705,78.56516180802319,88.56354117324145
0.8279866792512647,11.833619092338733,42.35087079788032
6.031521094663882,40.99048896962883,63.87367313400719
2.4534910968132095,83.98022856356172,63.75349035629236
3.8929561404197655,38.3832951933044,60.36560836126395
2.8869373677069987,57.18722712271865,59.56284767057689
3.5567271646494913,58.77693608621982,39.66698575698856
7.1904590518424545,18.447625313363936,61.99812749562706
2.9712171562317504,36.22354416522884,44.23786753189252
5.664046402968972,33.451128874193216,64.44363846321897
4.760504021990997,2.6196708532064794,79.68050736996003
6.636711653626481,2.4191763891355245,60.947416185989624
9.36829739324758,83.16970436757735,89.28880402153955
7.325720972102503,27.30708099728124,76.7130232073669
2.149403785907568,51.80787662388154,58.966857002886854
0.3118313506128467,29.872557358877305,44.41003751463299
2.622640442998251,94.06792451153404,74.77944505760993
5.9507793070025485,25.929675886577375,82.14745564227883
0.5142581348425035,42.96568127389351,33.6378525682789
4.963662472012364,87.27302504846018,80.77287817070206
5.968428489168892,84.19335667918087,69.86790966061444
3.3424389081696084,18.610141784627732,54.50792463148923
7.7091220374582194,80.26433097957104,75.72892232884325
1.065982531337718,45.81868867378927,43.83586859143681
0.7513778173580876,48.29688720853552,44.54367828961394
7.281887562036033,13.347997241594378,72.89011661406954
4.954913162061985,8.060151375712465,61.42224250038581
6.88402396427736,72.79393069737652,66.91710130185855
4.348273386037462,49.646115235529976,62.83626922480733
2.464020332391068,43.68507026151796,45.86580386052793
8.191023176741997,72.95082286523967,72.06429045978655
7.994158789689792,76.55128989911097,82.77185162424875
6.946964708544268,15.890816766935355,59.47027597969948
2.7214513722996267,61.02251494776413,83.45972483698297
5.902306668690871,13.535408227768553,61.99944739670101
3.6097389694002677,75.13750860290457,53.20403345093007
0.9158207332663415,65.69551562671396,47.72419757937013
9.173135754622429,95.6614621083458,100.0
1.368186309189614,6.895801635642118,58.42591345615034
9.502373538208024,5.705472115125431,53.86130266499014
4.460057729579558,28.218707469320016,37.50659930772378
